-8.627337813377380371e-01,-2.844183444976806641e-01,8.879806399345397949e-01
-7.372196912765502930e-01,-2.391875088214874268e-01,8.919911980628967285e-01
-3.233375251293182373e-01,-1.210977137088775635e-01,8.271212577819824219e-01
3.050423562526702881e-01,-1.504817903041839600e-01,6.518641710281372070e-01
4.443998932838439941e-01,-3.203496634960174561e-01,2.888136506080627441e-01
5.100869536399841309e-01,-3.965055644512176514e-01,2.704868614673614502e-01
5.084590315818786621e-01,-3.655518591403961182e-01,2.081591188907623291e-01
3.129053413867950439e-01,-2.916494905948638916e-01,1.944526731967926025e-01
3.376936614513397217e-01,-1.564013361930847168e-01,-1.698412597179412842e-01
-7.322601228952407837e-02,3.333390504121780396e-02,-1.341381072998046875e-01
-1.978423297405242920e-01,2.843836247920989990e-01,-1.618052273988723755e-01
5.311664938926696777e-02,3.714521229267120361e-01,-6.866719573736190796e-02
1.604847311973571777e-01,4.011960625648498535e-01,2.997319959104061127e-02
1.509166657924652100e-01,3.896395266056060791e-01,7.166263461112976074e-02
1.115892529487609863e-01,3.607016801834106445e-01,8.992493152618408203e-02
-1.959962071850895882e-03,3.591550588607788086e-01,1.288364529609680176e-01
-5.378482490777969360e-02,3.173432648181915283e-01,1.339967399835586548e-01
-5.597091093659400940e-02,2.679709196090698242e-01,1.125229299068450928e-01
-4.570406302809715271e-02,2.132823765277862549e-01,7.769780606031417847e-02
-2.488063834607601166e-02,1.439011991024017334e-01,4.470855742692947388e-02
-2.381550893187522888e-02,9.488977491855621338e-02,3.244328126311302185e-02
-2.258338406682014465e-02,6.161268055438995361e-02,2.064483053982257843e-02
-1.765481941401958466e-02,3.579590097069740295e-02,1.769959926605224609e-02
-8.678456768393516541e-03,2.092226035892963409e-02,2.225841954350471497e-02
-1.818654942326247692e-03,9.146263822913169861e-03,2.711590938270092010e-02
-7.320939330384135246e-04,4.999961238354444504e-03,3.050426766276359558e-02
1.211411133408546448e-02,3.023883886635303497e-02,2.818734571337699890e-02
7.264575920999050140e-03,3.895211592316627502e-02,2.742988057434558868e-02
-3.320160321891307831e-03,5.168018490076065063e-02,2.834826894104480743e-02
-1.252456801012158394e-03,6.202332675457000732e-02,3.074341453611850739e-02
2.137061674147844315e-03,6.867054849863052368e-02,3.525038808584213257e-02
2.026615664362907410e-02,7.627315074205398560e-02,3.192549571394920349e-02
1.721824333071708679e-02,7.449220865964889526e-02,1.179285813122987747e-02
1.108994334936141968e-02,6.971146911382675171e-02,-4.718179348856210709e-03
-5.192077159881591797e-02,7.739230245351791382e-02,1.026006042957305908e-01
-1.201686635613441467e-01,2.166060544550418854e-02,1.797809600830078125e-01
-9.257981181144714355e-02,2.098225429654121399e-02,2.262247949838638306e-01
7.257631979882717133e-03,3.927769139409065247e-02,2.665390968322753906e-01
5.713689699769020081e-02,5.110348761081695557e-02,3.012588322162628174e-01
6.453921645879745483e-02,6.309170275926589966e-02,3.501430749893188477e-01
6.307634711265563965e-02,6.309550255537033081e-02,3.867544531822204590e-01
4.849565029144287109e-02,6.062816455960273743e-02,3.952484726905822754e-01
6.637654732912778854e-03,5.157113820314407349e-02,4.052836596965789795e-01
-2.911387011408805847e-02,5.918621271848678589e-02,4.218955338001251221e-01
-5.440345034003257751e-02,6.509732455015182495e-02,4.543521404266357422e-01
-9.213729947805404663e-02,5.514131113886833191e-02,5.399500131607055664e-01
-7.262106984853744507e-02,4.825601354241371155e-02,5.865436792373657227e-01
-7.555118203163146973e-02,5.788166075944900513e-02,5.939747095108032227e-01
-8.032367378473281860e-02,8.210474997758865356e-02,5.978666543960571289e-01
-6.632284820079803467e-02,8.855823427438735962e-02,6.468869447708129883e-01
-4.099958762526512146e-02,1.376934051513671875e-01,6.839017868041992188e-01
5.172087345272302628e-03,1.737065017223358154e-01,7.134930491447448730e-01
2.014145441353321075e-02,2.117450684309005737e-01,7.133182287216186523e-01
2.592105045914649963e-02,2.227376997470855713e-01,7.233034968376159668e-01
2.252141200006008148e-02,1.775494664907455444e-01,7.118319869041442871e-01
-2.071218565106391907e-02,1.202166229486465454e-01,7.073352336883544922e-01
-9.314782172441482544e-02,9.374928474426269531e-02,6.798695325851440430e-01
-8.711262047290802002e-02,1.199298575520515442e-01,6.239975690841674805e-01
-2.740482054650783539e-02,2.630984485149383545e-01,5.281150937080383301e-01
-3.908487036824226379e-02,4.608833491802215576e-01,2.754070162773132324e-01
-1.481323987245559692e-01,5.810005068778991699e-01,-2.591651082038879395e-01
-1.445473879575729370e-01,6.303614377975463867e-01,-4.948575198650360107e-01
1.765194088220596313e-01,3.389154970645904541e-01,-7.564736008644104004e-01
3.148216605186462402e-01,-2.384148836135864258e-01,-8.419314026832580566e-01
-1.670836955308914185e-01,-3.981878161430358887e-01,-8.859918117523193359e-01
-2.429664433002471924e-01,-5.438488721847534180e-01,-8.953608274459838867e-01
-1.417722180485725403e-02,-4.697551131248474121e-01,-8.889083862304687500e-01
8.155713230371475220e-02,-2.095301002264022827e-01,-8.779046535491943359e-01
8.158229291439056396e-02,-5.806417763233184814e-02,-9.012355208396911621e-01
8.338054269552230835e-02,-9.253863990306854248e-02,-9.261233806610107422e-01
7.239162176847457886e-02,-3.812534734606742859e-02,-9.470952749252319336e-01
1.526417490094900131e-02,5.214534327387809753e-02,-9.593137502670288086e-01
-1.055406555533409119e-01,6.401520967483520508e-02,-9.640610218048095703e-01
-2.333191484212875366e-01,-3.473565913736820221e-03,-9.613503813743591309e-01
-2.701835036277770996e-01,-1.120002418756484985e-01,-9.569312930107116699e-01
-2.812789678573608398e-01,-3.395596742630004883e-01,-9.566139578819274902e-01
-1.204739436507225037e-01,-4.571714699268341064e-01,-9.598775506019592285e-01
3.873821347951889038e-02,-5.181338787078857422e-01,-9.587997198104858398e-01
3.485176861286163330e-01,-5.547260046005249023e-01,-9.603278636932373047e-01
5.156633257865905762e-01,-5.806619524955749512e-01,-9.685766100883483887e-01
5.254274010658264160e-01,-6.616688966751098633e-01,-9.672448635101318359e-01
3.572843372821807861e-01,-6.358056068420410156e-01,-9.628546833992004395e-01
3.003874123096466064e-01,-6.425107121467590332e-01,-9.385452270507812500e-01
2.141164839267730713e-01,-5.545821189880371094e-01,-8.914503455162048340e-01
2.756480574607849121e-01,-2.096360921859741211e-01,-7.804130911827087402e-01
-3.953877091407775879e-02,6.489545106887817383e-02,-4.483940601348876953e-01
-3.350653350353240967e-01,2.352285832166671753e-01,-2.453073300421237946e-02
-4.433583915233612061e-01,3.595772087574005127e-01,-6.873024255037307739e-02
-5.733379125595092773e-01,6.040591001510620117e-01,5.768049880862236023e-02
2.494686543941497803e-01,5.738959312438964844e-01,1.155621483922004700e-01
4.262547194957733154e-01,7.682383656501770020e-01,-2.206681817770004272e-01
-6.625202298164367676e-02,4.545692801475524902e-01,-2.242499142885208130e-01
-8.037006855010986328e-02,2.028849422931671143e-01,-1.260444074869155884e-01
-4.294088110327720642e-02,6.929823756217956543e-02,8.295348286628723145e-02
7.110878359526395798e-03,-2.929045818746089935e-03,2.764705121517181396e-01
2.712085284292697906e-02,-3.851990029215812683e-02,4.757885932922363281e-01
9.912885725498199463e-02,-3.100337088108062744e-02,6.661295890808105469e-01
1.074436083436012268e-01,7.158796489238739014e-02,7.376833558082580566e-01
1.281983852386474609e-01,2.603534460067749023e-01,7.414351105690002441e-01
1.173652485013008118e-01,2.484070956707000732e-01,6.554267406463623047e-01
1.213127225637435913e-01,1.247396394610404968e-01,4.296968579292297363e-01
1.035425215959548950e-01,-1.348753459751605988e-02,1.258143782615661621e-01
4.718903079628944397e-02,-6.394690275192260742e-02,1.588924825191497803e-01
-5.568091943860054016e-02,-1.358848512172698975e-01,1.145058721303939819e-01
-5.523900315165519714e-02,-1.811895519495010376e-01,1.273580044507980347e-01
-6.607425212860107422e-02,-1.527826339006423950e-01,1.009613499045372009e-01
-8.984937518835067749e-02,-1.838755160570144653e-01,2.757073938846588135e-02
-5.615620315074920654e-02,-1.874587833881378174e-01,-1.913701370358467102e-02
-5.356588400900363922e-03,-2.188218086957931519e-01,-4.810034111142158508e-02
2.833789214491844177e-02,-2.006335109472274780e-01,-3.278081864118576050e-02
6.421654671430587769e-02,-1.274792551994323730e-01,-7.930708117783069611e-03
1.531268209218978882e-01,-6.151229515671730042e-02,-1.812676712870597839e-02
1.257635653018951416e-01,-9.361175447702407837e-02,-1.059751771390438080e-02
9.233251959085464478e-02,-1.179817393422126770e-01,-4.058517515659332275e-03
8.586353063583374023e-02,-7.817062735557556152e-02,1.609412953257560730e-02
4.800863936543464661e-02,-6.101071089506149292e-02,9.812159463763237000e-03
-4.611890017986297607e-02,-4.392265982460230589e-04,7.178779225796461105e-03
-8.772729337215423584e-02,5.495506897568702698e-02,-8.732633665204048157e-03
-1.423241049051284790e-01,8.442343026399612427e-02,-5.705831106752157211e-03
-1.217961683869361877e-01,5.781578272581100464e-02,-2.222636714577674866e-02
-5.027097091078758240e-02,9.288412402383983135e-04,-3.854985907673835754e-02
2.107587410137057304e-03,-2.933602035045623779e-02,-5.251884832978248596e-02
4.854707419872283936e-02,-1.795929856598377228e-02,-8.248659968376159668e-02
6.588214542716741562e-03,1.091661155223846436e-01,-7.497620582580566406e-02
-9.411481767892837524e-02,2.795610427856445312e-01,-7.973226904869079590e-02
-6.436980962753295898e-01,6.154038310050964355e-01,-2.298754826188087463e-02
-3.054230213165283203e-01,3.858217000961303711e-01,-5.947741121053695679e-02
1.028944477438926697e-01,9.709926694631576538e-02,2.207485735416412354e-01
2.030411809682846069e-01,2.412451617419719696e-02,4.110605120658874512e-01
2.176328301429748535e-01,2.190576121211051941e-02,4.746732115745544434e-01
2.069855928421020508e-01,1.738133281469345093e-02,5.066739916801452637e-01
1.831260472536087036e-01,-8.090393617749214172e-03,5.415062904357910156e-01
1.571377664804458618e-01,-7.330613583326339722e-02,5.726875662803649902e-01
1.529376208782196045e-01,-9.464266896247863770e-02,5.244715809822082520e-01
8.973668515682220459e-02,-7.653701305389404297e-02,4.291561543941497803e-01
3.150585293769836426e-02,-7.963747531175613403e-02,2.561318874359130859e-01
7.793894410133361816e-01,1.779081225395202637e-01,-8.979916572570800781e-01
2.734980583190917969e-01,-8.200730197131633759e-03,-6.809862852096557617e-01
4.412069320678710938e-01,-4.365103244781494141e-01,-7.453950643539428711e-01
-2.122563719749450684e-01,-5.480349063873291016e-01,-8.796703219413757324e-01
-4.095920026302337646e-01,-4.719650745391845703e-01,-9.020706415176391602e-01
-3.249726295471191406e-01,-1.118625700473785400e-01,-9.179816842079162598e-01
-4.404364228248596191e-01,-1.337215155363082886e-01,-9.481263756752014160e-01
-3.909184634685516357e-01,-4.190531969070434570e-01,-9.603530168533325195e-01
-4.045512974262237549e-01,-3.494364023208618164e-01,-9.517482519149780273e-01
-5.167058706283569336e-01,1.757255196571350098e-01,-9.666293859481811523e-01
-3.427488207817077637e-01,-4.073743522167205811e-01,-9.582822918891906738e-01
-2.424946725368499756e-01,-7.016385793685913086e-01,-9.692226648330688477e-01
-1.760473102331161499e-01,-7.830539941787719727e-01,-9.770969748497009277e-01
-1.795107573270797729e-01,-7.641360759735107422e-01,-9.788348674774169922e-01
-4.450618848204612732e-02,-7.267563343048095703e-01,-9.811357855796813965e-01
3.594939410686492920e-02,-7.096451520919799805e-01,-9.822968840599060059e-01
3.441847562789916992e-01,-6.845533251762390137e-01,-9.811116456985473633e-01
6.191824674606323242e-01,-7.491568326950073242e-01,-9.856842756271362305e-01
7.356687784194946289e-01,-8.193285465240478516e-01,-9.871829748153686523e-01
8.224034905433654785e-01,-8.812834024429321289e-01,-9.866199493408203125e-01
6.836091876029968262e-01,-1.690594106912612915e-01,-9.490773677825927734e-01
2.025706470012664795e-01,6.032234430313110352e-01,-8.322384953498840332e-01
-1.450889110565185547e-01,7.425088882446289062e-01,-8.501652479171752930e-01
-4.525900781154632568e-01,8.215844035148620605e-01,-3.301193714141845703e-01
-6.588982343673706055e-01,8.574168682098388672e-01,4.386544227600097656e-01
5.008887872099876404e-02,8.243577480316162109e-01,7.755178809165954590e-01
-3.501719236373901367e-01,5.588617324829101562e-01,1.938684880733489990e-01
-3.814207315444946289e-01,4.079017043113708496e-01,-8.103264123201370239e-02
-2.233479470014572144e-01,3.578113019466400146e-01,-2.039602585136890411e-02
-1.585110574960708618e-01,2.794165909290313721e-01,4.020025208592414856e-02
-1.108291074633598328e-01,2.035295367240905762e-01,1.805905252695083618e-01
-9.118749946355819702e-02,1.787593662738800049e-01,3.109710514545440674e-01
-7.773915678262710571e-02,1.875398606061935425e-01,4.458570778369903564e-01
-6.056219711899757385e-02,1.833396852016448975e-01,5.460153818130493164e-01
3.648426756262779236e-02,1.822337806224822998e-01,5.279026627540588379e-01
3.957793116569519043e-02,1.893623024225234985e-01,4.218584597110748291e-01
2.926647663116455078e-02,1.195768788456916809e-01,3.345304131507873535e-01
6.672669202089309692e-02,7.933969050645828247e-02,2.557660639286041260e-01
4.806794598698616028e-02,8.614953607320785522e-02,2.884750068187713623e-01
4.176175221800804138e-03,5.188127979636192322e-02,2.827033996582031250e-01
-9.689414873719215393e-03,4.675434902310371399e-02,2.719414532184600830e-01
-7.447186112403869629e-02,9.954888373613357544e-02,2.771419882774353027e-01
-3.600112348794937134e-02,5.726866796612739563e-02,2.351401895284652710e-01
-1.728052645921707153e-02,4.761157091706991196e-03,1.796679645776748657e-01
-5.422956310212612152e-03,-5.477892607450485229e-02,7.298139482736587524e-02
7.821340858936309814e-02,-1.356121748685836792e-01,-2.412181906402111053e-02
9.844947606325149536e-02,-1.891147345304489136e-01,-3.605090081691741943e-02
1.550506800413131714e-01,-2.149688601493835449e-01,-3.087733872234821320e-02
1.153339892625808716e-01,-1.307577937841415405e-01,6.034513562917709351e-02
7.596491277217864990e-02,-1.328469663858413696e-01,8.960185199975967407e-02
8.418419957160949707e-02,-1.305262595415115356e-01,8.844152837991714478e-02
9.569820761680603027e-02,-1.163306906819343567e-01,8.090056478977203369e-02
9.514509886503219604e-02,-1.224868223071098328e-01,9.445499628782272339e-02
8.623388409614562988e-02,-1.091898754239082336e-01,6.702829152345657349e-03
7.058341056108474731e-02,-1.038247719407081604e-01,-6.768210977315902710e-02
3.669647499918937683e-02,-9.058465808629989624e-02,-7.189911603927612305e-02
-2.679695747792720795e-02,-3.125402703881263733e-02,-4.161715507507324219e-02
-7.466316968202590942e-02,3.940829262137413025e-02,-5.043559893965721130e-02
-1.023586392402648926e-01,6.001770123839378357e-02,-1.251350045204162598e-01
-1.540942043066024780e-01,6.330883502960205078e-02,-1.222302466630935669e-01
-1.509235203266143799e-01,6.517814099788665771e-02,-1.028344705700874329e-01
-1.358471065759658813e-01,1.115814149379730225e-01,-7.769143581390380859e-02
-1.027238368988037109e-01,4.543026685714721680e-01,1.874022632837295532e-01
-1.510044783353805542e-01,1.230775788426399231e-01,3.304658532142639160e-01
3.141704201698303223e-02,-1.349169760942459106e-01,4.152917265892028809e-01
1.620872467756271362e-01,-1.560161709785461426e-01,4.670515656471252441e-01
2.042478322982788086e-01,-1.253904998302459717e-01,5.136364698410034180e-01
2.210347801446914673e-01,-9.695768356323242188e-02,5.584024786949157715e-01
1.783207207918167114e-01,-1.077920719981193542e-01,5.933823585510253906e-01
6.662300974130630493e-02,-1.113984733819961548e-01,6.241832375526428223e-01
6.920225173234939575e-02,-7.950013130903244019e-02,6.283775568008422852e-01
6.347292661666870117e-02,-5.954309925436973572e-02,6.133476495742797852e-01
6.345609575510025024e-02,-2.749023027718067169e-02,6.021699905395507812e-01
9.415139257907867432e-02,3.962806612253189087e-02,5.980589389801025391e-01
5.922963097691535950e-02,5.425107479095458984e-02,5.884426832199096680e-01
4.369993507862091064e-02,1.151644214987754822e-01,5.404238700866699219e-01
1.944322139024734497e-02,1.569579988718032837e-01,4.628612995147705078e-01
2.671704068779945374e-02,1.689347326755523682e-01,3.325043022632598877e-01
5.777682177722454071e-03,1.623046845197677612e-01,1.659252047538757324e-01
1.450478658080101013e-02,6.619178503751754761e-02,-9.247416257858276367e-02
-8.101360499858856201e-02,-3.615278378129005432e-02,-3.249519467353820801e-01
-5.377574637532234192e-02,-7.289465516805648804e-02,-4.338375627994537354e-01
-1.316624786704778671e-02,-5.346375331282615662e-02,-5.409680008888244629e-01
7.839008420705795288e-02,4.043190926313400269e-02,-6.114286184310913086e-01
1.253077685832977295e-01,1.500556170940399170e-01,-6.504068374633789062e-01
1.292869448661804199e-01,-7.087040543556213379e-01,-9.732381105422973633e-01
3.041759431362152100e-01,-7.311324477195739746e-01,-9.850839376449584961e-01
-8.021132647991180420e-02,-7.340171337127685547e-01,-9.838851690292358398e-01
-2.420556247234344482e-01,-6.183553338050842285e-01,-9.899169206619262695e-01
-2.915368378162384033e-01,-1.010820120573043823e-01,-9.913495779037475586e-01
-2.294409871101379395e-01,-9.518377482891082764e-02,-9.910072088241577148e-01
-5.082334280014038086e-01,1.325392872095108032e-01,-9.872994422912597656e-01
-4.998931288719177246e-01,-1.903412938117980957e-01,-9.886807799339294434e-01
-5.694937705993652344e-01,-2.102575004100799561e-01,-9.862493872642517090e-01
-4.180237650871276855e-01,-4.467506110668182373e-01,-9.877337217330932617e-01
-2.737439274787902832e-01,-5.362027287483215332e-01,-9.913250803947448730e-01
-2.801508009433746338e-01,-6.870236992835998535e-01,-9.926563501358032227e-01
-1.888648048043251038e-02,-7.032219171524047852e-01,-9.913339018821716309e-01
3.433420062065124512e-01,-7.871720790863037109e-01,-9.920298457145690918e-01
4.418244063854217529e-01,-7.928732633590698242e-01,-9.932464361190795898e-01
7.435385584831237793e-01,-8.495864272117614746e-01,-9.951627850532531738e-01
8.853772282600402832e-01,-8.891437053680419922e-01,-9.962010383605957031e-01
9.191191792488098145e-01,-9.175689220428466797e-01,-9.967015981674194336e-01
7.323970198631286621e-01,-8.278246521949768066e-01,-9.938727021217346191e-01
2.290345132350921631e-01,4.178155958652496338e-01,-9.789598584175109863e-01
-2.310630083084106445e-01,6.743457317352294922e-01,-9.814450740814208984e-01
-5.631915330886840820e-01,7.675844430923461914e-01,-9.438280463218688965e-01
-5.901972651481628418e-01,9.576330780982971191e-01,9.645895361900329590e-01
-3.200142085552215576e-01,9.156184196472167969e-01,8.067696690559387207e-01
-3.760696053504943848e-01,8.096522092819213867e-01,3.484037816524505615e-01
-4.679637253284454346e-01,7.775686979293823242e-01,2.843511402606964111e-01
-3.532242476940155029e-01,7.158775329589843750e-01,2.973978221416473389e-01
-2.207003533840179443e-01,5.496808290481567383e-01,3.385452330112457275e-01
-1.528145074844360352e-01,3.593156337738037109e-01,3.637766540050506592e-01
-1.132106259465217590e-01,2.795222699642181396e-01,4.280268549919128418e-01
-5.505419522523880005e-02,2.388421893119812012e-01,4.635787308216094971e-01
-3.036703541874885559e-02,2.177270948886871338e-01,3.664812743663787842e-01
4.800972715020179749e-02,2.059998512268066406e-01,2.186714559793472290e-01
5.418749898672103882e-02,1.712091863155364990e-01,2.048261761665344238e-01
2.600164152681827545e-02,1.423365771770477295e-01,1.916002929210662842e-01
6.000046059489250183e-02,2.282847091555595398e-02,1.988093107938766479e-01
7.096058130264282227e-02,-5.728726089000701904e-02,2.425874918699264526e-01
7.812120765447616577e-02,-9.492583572864532471e-02,2.774330973625183105e-01
5.491882562637329102e-02,-6.562748551368713379e-02,3.131098747253417969e-01
5.938310548663139343e-02,-4.725365340709686279e-02,3.077603578567504883e-01
-1.152234897017478943e-02,1.555682346224784851e-02,3.134423792362213135e-01
-2.111906185746192932e-02,7.194916252046823502e-03,2.801077365875244141e-01
-4.323116689920425415e-02,-1.436828263103961945e-02,2.736109495162963867e-01
3.513528406620025635e-02,-1.112352088093757629e-01,1.722678095102310181e-01
1.216174140572547913e-01,-2.553177475929260254e-01,5.030851811170578003e-02
8.115534484386444092e-02,-2.914848029613494873e-01,-3.455299884080886841e-02
9.918450564146041870e-02,-2.183238118886947632e-01,-1.021352633833885193e-01
8.465824276208877563e-02,-1.558784097433090210e-01,-7.364169508218765259e-02
1.069149598479270935e-01,-1.469582915306091309e-01,-5.769039969891309738e-03
1.124910563230514526e-01,-1.640137284994125366e-01,8.976775407791137695e-02
6.229856237769126892e-02,-1.453421860933303833e-01,8.675887435674667358e-02
1.600996032357215881e-02,-1.107850149273872375e-01,1.280929595232009888e-01
3.996708430349826813e-03,-8.392188698053359985e-02,1.941134184598922729e-01
-4.605615139007568359e-02,-2.281696721911430359e-02,1.907794475555419922e-01
-1.271148025989532471e-01,4.008159413933753967e-02,6.437999010086059570e-02
-1.410006284713745117e-01,8.418033272027969360e-02,-7.320584356784820557e-02
-1.289628595113754272e-01,5.103381350636482239e-02,-1.174703836441040039e-01
1.458996236324310303e-01,8.821673691272735596e-02,1.121141985058784485e-01
3.440782129764556885e-01,2.038705497980117798e-01,5.677666664123535156e-01
1.255671232938766479e-01,1.105406880378723145e-01,7.413788437843322754e-01
5.675899609923362732e-02,-1.523930728435516357e-01,7.952860593795776367e-01
7.692527025938034058e-02,-1.872030794620513916e-01,7.903451919555664062e-01
8.991169184446334839e-02,-1.622159928083419800e-01,7.855525612831115723e-01
9.040403366088867188e-02,-1.480966657400131226e-01,7.599437832832336426e-01
8.708341419696807861e-02,-6.812675297260284424e-02,7.176178693771362305e-01
6.617539376020431519e-02,-3.174264449626207352e-03,6.722404360771179199e-01
2.702780254185199738e-02,2.558143995702266693e-02,6.141554117202758789e-01
5.224195308983325958e-03,3.599385917186737061e-02,5.052706003189086914e-01
3.801569342613220215e-02,5.262863263487815857e-02,3.128589391708374023e-01
8.905997872352600098e-02,6.038452684879302979e-02,1.363812983036041260e-01
7.322409749031066895e-02,6.774781644344329834e-02,-2.016294933855533600e-02
4.344007745385169983e-02,4.915388673543930054e-02,-2.021912336349487305e-01
3.914048522710800171e-02,8.170291036367416382e-02,-3.851837515830993652e-01
1.927923597395420074e-02,8.867491036653518677e-02,-5.886938571929931641e-01
6.813547760248184204e-02,-7.882295548915863037e-02,-7.487289905548095703e-01
8.008826524019241333e-02,-2.373708337545394897e-01,-8.803598284721374512e-01
1.152550801634788513e-02,-2.690791487693786621e-01,-9.711635708808898926e-01
-6.878054887056350708e-02,-2.851987183094024658e-01,-9.913538098335266113e-01
-1.724504232406616211e-01,-5.184994935989379883e-01,-9.950343370437622070e-01
2.483965456485748291e-02,-6.747314929962158203e-01,-9.943773746490478516e-01
1.641155928373336792e-01,-7.362624406814575195e-01,-9.906671047210693359e-01
3.805945441126823425e-02,-8.373904228210449219e-01,-9.892135858535766602e-01
1.914206892251968384e-01,-8.516537547111511230e-01,-9.910910129547119141e-01
-3.318496942520141602e-01,-5.043002367019653320e-01,-9.946420788764953613e-01
3.665618970990180969e-02,3.960766196250915527e-01,-9.921749234199523926e-01
-4.522036612033843994e-01,5.513453483581542969e-01,-9.948154687881469727e-01
-3.429351747035980225e-01,5.012533068656921387e-01,-9.952990412712097168e-01
-1.412308216094970703e-01,-2.642808556556701660e-01,-9.959052801132202148e-01
-2.643669545650482178e-01,-4.732018709182739258e-01,-9.964880943298339844e-01
-1.828719675540924072e-01,-5.541273355484008789e-01,-9.965650439262390137e-01
1.969249248504638672e-01,-7.197435498237609863e-01,-9.964855313301086426e-01
7.111834287643432617e-01,-8.860087990760803223e-01,-9.968755245208740234e-01
7.100577354431152344e-01,-9.109169244766235352e-01,-9.979058504104614258e-01
6.437488794326782227e-01,-9.440783858299255371e-01,-9.979301691055297852e-01
-1.271050423383712769e-01,-6.732224225997924805e-01,-9.935321807861328125e-01
-4.239063337445259094e-02,6.425457000732421875e-01,-9.856997132301330566e-01
-5.207906365394592285e-01,8.276888132095336914e-01,-8.960083723068237305e-01
-5.749022960662841797e-01,9.680418372154235840e-01,9.464650750160217285e-01
-1.811247318983078003e-01,9.513371586799621582e-01,8.401808142662048340e-01
-1.283300668001174927e-01,8.508026599884033203e-01,3.922899663448333740e-01
-4.071347117424011230e-01,8.186256885528564453e-01,2.947938442230224609e-01
-3.449702560901641846e-01,7.171005010604858398e-01,2.347675561904907227e-01
-2.461684793233871460e-01,5.378298759460449219e-01,2.243148833513259888e-01
-1.708166599273681641e-01,3.607542812824249268e-01,1.826078891754150391e-01
-8.317732065916061401e-02,1.822494715452194214e-01,1.896268129348754883e-01
-6.087868660688400269e-02,7.475927472114562988e-02,2.489746659994125366e-01
-3.705342113971710205e-02,5.426540970802307129e-02,3.803664445877075195e-01
-4.167793318629264832e-02,6.269292533397674561e-02,4.547444581985473633e-01
4.564225382637232542e-04,9.018252789974212646e-02,4.041623175144195557e-01
7.241879403591156006e-02,1.802861541509628296e-01,2.604091167449951172e-01
2.566384896636009216e-02,1.727056354284286499e-01,2.653020024299621582e-01
-2.249788492918014526e-03,1.306106299161911011e-01,2.996596693992614746e-01
1.807595603168010712e-02,6.649504415690898895e-03,2.719087898731231689e-01
1.790359057486057281e-02,-6.178581342101097107e-02,2.948597073554992676e-01
7.747703790664672852e-02,-4.444461688399314880e-02,3.151810765266418457e-01
8.906823396682739258e-02,-2.432662062346935272e-02,3.213084042072296143e-01
-2.255897969007492065e-03,2.725221216678619385e-02,3.078936338424682617e-01
-1.940924488008022308e-02,-1.661963388323783875e-02,2.506088614463806152e-01
4.259656742215156555e-02,-4.129411652684211731e-02,2.109006941318511963e-01
4.173401370644569397e-02,-7.986964285373687744e-02,9.280403703451156616e-02
8.376098424196243286e-02,-1.838904619216918945e-01,-1.183758489787578583e-02
1.104395911097526550e-01,-2.702397704124450684e-01,-7.561529427766799927e-02
9.964630752801895142e-02,-2.398409992456436157e-01,-1.021807417273521423e-01
7.562520354986190796e-02,-1.788779944181442261e-01,-6.395189464092254639e-02
9.689170122146606445e-02,-1.647542864084243774e-01,-8.367342874407768250e-03
1.485757529735565186e-01,-1.252093315124511719e-01,1.148335635662078857e-01
1.182571649551391602e-01,-1.167427450418472290e-01,8.335658162832260132e-02
1.034264788031578064e-01,-9.743703901767730713e-02,8.466236293315887451e-02
3.453415632247924805e-02,-8.815935254096984863e-02,1.450028717517852783e-01
-1.636046171188354492e-02,-5.508651584386825562e-02,5.139741301536560059e-02
-1.104663833975791931e-01,8.415902964770793915e-03,-1.452904008328914642e-02
-1.475347578525543213e-01,4.122419282793998718e-02,-6.781478971242904663e-02
-1.481902301311492920e-01,8.332647383213043213e-02,-1.146196499466896057e-01
-1.338265240192413330e-01,7.866381853818893433e-02,-1.481797993183135986e-01
1.219809949398040771e-01,1.388521045446395874e-01,1.849673539400100708e-01
1.661818027496337891e-01,3.583423495292663574e-01,6.118253469467163086e-01
-1.446703448891639709e-02,-3.991507925093173981e-03,7.492419481277465820e-01
6.602117419242858887e-02,-1.700879335403442383e-01,7.748782634735107422e-01
9.048001468181610107e-02,-1.934452056884765625e-01,7.718931436538696289e-01
1.105290278792381287e-01,-1.994511634111404419e-01,7.525445222854614258e-01
1.198021844029426575e-01,-1.561221480369567871e-01,7.296915054321289062e-01
1.001665070652961731e-01,-9.667886793613433838e-02,7.065588235855102539e-01
5.210651829838752747e-02,-3.441751375794410706e-02,6.688035130500793457e-01
3.361406549811363220e-02,1.761370524764060974e-02,5.902159810066223145e-01
5.331593751907348633e-02,4.103020206093788147e-02,5.017418265342712402e-01
8.910745382308959961e-02,5.004746839404106140e-02,4.549671113491058350e-01
9.603929519653320312e-02,5.817668884992599487e-02,4.150353670120239258e-01
7.832742482423782349e-02,8.195424079895019531e-02,3.086782693862915039e-01
1.950447261333465576e-02,7.280056923627853394e-02,1.397494971752166748e-01
2.691620029509067535e-03,1.065862029790878296e-01,-1.050866991281509399e-01
2.281299792230129242e-02,6.174013763666152954e-02,-3.587827682495117188e-01
2.536573633551597595e-02,1.751407608389854431e-02,-5.812249183654785156e-01
6.283733993768692017e-02,-9.628827124834060669e-02,-7.136262655258178711e-01
5.746094137430191040e-02,-1.664241403341293335e-01,-7.868637442588806152e-01
6.693756580352783203e-02,-1.488741040229797363e-01,-8.641231060028076172e-01
1.052023023366928101e-01,-8.787322044372558594e-02,-9.522516727447509766e-01
-1.486935373395681381e-02,-1.147113516926765442e-01,-9.765521287918090820e-01
1.654864288866519928e-02,-2.905675768852233887e-01,-9.822959899902343750e-01
7.032313942909240723e-02,-6.166175007820129395e-01,-9.867479801177978516e-01
-6.703595817089080811e-02,-6.836698055267333984e-01,-9.848681092262268066e-01
-2.565620243549346924e-01,-6.884822845458984375e-01,-9.884275794029235840e-01
-7.952446937561035156e-01,-6.943181157112121582e-01,-9.965960383415222168e-01
3.998777642846107483e-02,-1.709266901016235352e-01,-9.851803183555603027e-01
-4.633153378963470459e-01,2.943671308457851410e-02,-9.824432134628295898e-01
3.252255916595458984e-02,-3.211085498332977295e-01,-9.851163029670715332e-01
3.318286314606666565e-02,-5.595060586929321289e-01,-9.846826791763305664e-01
-2.565639913082122803e-01,-5.552780032157897949e-01,-9.874123930931091309e-01
-2.409907728433609009e-01,-4.710478782653808594e-01,-9.867463111877441406e-01
-2.583663165569305420e-01,-4.018005132675170898e-01,-9.820453524589538574e-01
-2.656537592411041260e-01,-4.431035518646240234e-01,-9.758750200271606445e-01
-1.380174141377210617e-02,-4.869653582572937012e-01,-9.668360948562622070e-01
4.086191356182098389e-01,-6.124122142791748047e-01,-9.804590940475463867e-01
5.509198904037475586e-01,-6.966145038604736328e-01,-9.860128760337829590e-01
6.491677761077880859e-01,-7.153836488723754883e-01,-9.866225123405456543e-01
3.450351953506469727e-01,-1.761552393436431885e-01,-9.270572066307067871e-01
2.481216378509998322e-02,6.259268522262573242e-01,-8.205022215843200684e-01
-1.324120014905929565e-01,7.364870905876159668e-01,-7.215303778648376465e-01
-4.769853651523590088e-01,7.956000566482543945e-01,-1.119632460176944733e-02
-4.152927994728088379e-01,8.136758208274841309e-01,7.913624048233032227e-01
5.075426697731018066e-01,5.219204425811767578e-01,6.812473535537719727e-01
-2.685853838920593262e-01,-1.628995537757873535e-01,1.129811629652976990e-02
-1.420156359672546387e-01,8.325064927339553833e-02,-4.070326685905456543e-02
-8.242683857679367065e-02,6.774462014436721802e-02,7.675230503082275391e-02
-1.149811074137687683e-01,9.461678564548492432e-02,2.537387609481811523e-01
-8.322754502296447754e-02,1.598228365182876587e-01,4.487456977367401123e-01
-7.329674065113067627e-02,1.857979893684387207e-01,5.784759521484375000e-01
-1.557596679776906967e-02,2.209443747997283936e-01,5.813887119293212891e-01
-2.640926465392112732e-02,2.433378398418426514e-01,5.552809238433837891e-01
-8.862233720719814301e-03,2.509793043136596680e-01,4.538491666316986084e-01
-1.755303144454956055e-02,2.536354660987854004e-01,2.780669927597045898e-01
7.397925853729248047e-02,1.825135499238967896e-01,2.610337734222412109e-01
9.446407854557037354e-02,1.582305282354354858e-01,2.822844684123992920e-01
3.637928143143653870e-02,1.995554119348526001e-01,2.796674966812133789e-01
-5.946663022041320801e-02,1.703494638204574585e-01,2.613064050674438477e-01
-8.969645202159881592e-02,1.109131574630737305e-01,1.703732758760452271e-01
-5.852233245968818665e-02,6.352024525403976440e-02,1.634346693754196167e-01
-2.995153702795505524e-02,-1.532286778092384338e-02,1.464015096426010132e-01
-6.962831318378448486e-02,-4.329711571335792542e-02,7.078965008258819580e-02
-1.252862811088562012e-01,-7.032934576272964478e-02,-4.619318619370460510e-02
-3.139057382941246033e-02,-7.176373898983001709e-02,-7.438911497592926025e-02
9.126587957143783569e-02,-1.350056529045104980e-01,-2.789342775940895081e-02
1.973462402820587158e-01,-1.842625290155410767e-01,1.595495827496051788e-02
1.611651033163070679e-01,-2.004741132259368896e-01,7.550285756587982178e-02
1.166001930832862854e-01,-1.989496350288391113e-01,9.468609094619750977e-02
9.578377753496170044e-02,-1.770382076501846313e-01,8.440333604812622070e-02
7.689582556486129761e-02,-1.615500748157501221e-01,-3.330033272504806519e-02
1.036672592163085938e-01,-1.311693340539932251e-01,-3.382226824760437012e-02
9.440784156322479248e-02,-1.267696619033813477e-01,-4.236057028174400330e-02
3.215402364730834961e-02,-7.786419242620468140e-02,-4.559161514043807983e-02
-1.985960826277732849e-02,-5.299206823110580444e-02,-1.413894817233085632e-02
-4.218917340040206909e-02,-5.587115511298179626e-02,5.312124732881784439e-03
-5.791182070970535278e-02,-4.694574326276779175e-02,-2.989688329398632050e-02
-6.583657860755920410e-02,-2.895138226449489594e-02,-5.070235952734947205e-02
-7.352092117071151733e-02,-1.413339097052812576e-02,-6.222023442387580872e-02
-1.612097173929214478e-01,2.477158308029174805e-01,2.213644832372665405e-01
-2.443727403879165649e-01,4.978354573249816895e-01,3.983125388622283936e-01
-2.521955966949462891e-01,1.719159483909606934e-01,5.748427510261535645e-01
1.194132771342992783e-02,-7.223469763994216919e-02,6.649658679962158203e-01
1.640037596225738525e-01,-8.896952122449874878e-02,7.084414958953857422e-01
2.051590979099273682e-01,-1.490473002195358276e-01,7.381030321121215820e-01
2.183371931314468384e-01,-1.653103828430175781e-01,7.664334177970886230e-01
1.636653989553451538e-01,-1.503179371356964111e-01,7.930569648742675781e-01
1.225166320800781250e-01,-1.191754192113876343e-01,8.060956597328186035e-01
7.874637097120285034e-02,-5.688572302460670471e-02,8.021738529205322266e-01
7.049659639596939087e-02,-2.150195278227329254e-02,7.934371232986450195e-01
8.136074990034103394e-02,-1.765584759414196014e-02,7.861220240592956543e-01
7.528995722532272339e-02,-3.581127524375915527e-02,7.660669088363647461e-01
1.972613111138343811e-02,-3.816532343626022339e-02,7.356394529342651367e-01
9.225864708423614502e-02,1.256715692579746246e-02,7.210630774497985840e-01
7.697334140539169312e-02,9.516729414463043213e-02,6.400958299636840820e-01
6.169579550623893738e-02,1.762636750936508179e-01,4.988177120685577393e-01
-1.176081039011478424e-02,1.897501200437545776e-01,3.729792833328247070e-01
-6.140632554888725281e-02,1.509747505187988281e-01,2.550956904888153076e-01
-2.233099192380905151e-03,5.712581798434257507e-02,7.011061906814575195e-02
-3.578298166394233704e-02,4.281948134303092957e-02,-2.730194926261901855e-01
-3.366817161440849304e-02,-1.779856346547603607e-02,-4.305805265903472900e-01
-1.577069237828254700e-02,1.165644172579050064e-02,-5.019745230674743652e-01
1.495421212166547775e-02,5.326299369335174561e-02,-5.315856337547302246e-01
1.152640357613563538e-01,-1.299198716878890991e-01,-8.135228157043457031e-01
1.854040920734405518e-01,-5.541840791702270508e-01,-9.466470479965209961e-01
3.398811519145965576e-01,-4.978091418743133545e-01,-9.669343233108520508e-01
-1.483943760395050049e-01,-4.566661119461059570e-01,-9.686965346336364746e-01
-4.082193374633789062e-01,-4.357086718082427979e-01,-9.763668179512023926e-01
-3.163576424121856689e-01,-1.193834766745567322e-01,-9.825844168663024902e-01
-3.319480419158935547e-01,-3.777399361133575439e-01,-9.844946861267089844e-01
-5.388305187225341797e-01,1.498584151268005371e-01,-9.824835062026977539e-01
-3.834492862224578857e-01,-7.661338150501251221e-02,-9.814593195915222168e-01
-4.716550707817077637e-01,-3.780942261219024658e-01,-9.839806556701660156e-01
-3.866811394691467285e-01,-4.910225868225097656e-01,-9.847132563591003418e-01
-2.965107262134552002e-01,-6.187875270843505859e-01,-9.882166385650634766e-01
-2.122292220592498779e-01,-6.865717172622680664e-01,-9.886053204536437988e-01
-2.865215577185153961e-02,-7.028023600578308105e-01,-9.898540973663330078e-01
2.582457065582275391e-01,-7.882965207099914551e-01,-9.915941357612609863e-01
4.766295552253723145e-01,-7.699765563011169434e-01,-9.917120933532714844e-01
7.162506580352783203e-01,-8.147449493408203125e-01,-9.936878085136413574e-01
8.442386984825134277e-01,-8.794246315956115723e-01,-9.948221445083618164e-01
8.947645425796508789e-01,-9.157501459121704102e-01,-9.956243634223937988e-01
7.516082525253295898e-01,-5.439732074737548828e-01,-9.857479333877563477e-01
2.779062986373901367e-01,5.466207265853881836e-01,-9.499878883361816406e-01
-1.130806431174278259e-01,7.148901820182800293e-01,-9.617540836334228516e-01
-5.402098894119262695e-01,7.856917977333068848e-01,-8.502097129821777344e-01
-7.010554075241088867e-01,8.886064887046813965e-01,7.161517143249511719e-01
-3.170396983623504639e-01,8.830442428588867188e-01,8.574176430702209473e-01
-3.118739426136016846e-01,7.494174242019653320e-01,2.504835128784179688e-01
-3.829632997512817383e-01,6.236044168472290039e-01,1.428370326757431030e-01
-2.593280076980590820e-01,5.251603722572326660e-01,1.231226176023483276e-01
-1.813050806522369385e-01,3.676626682281494141e-01,1.820031255483627319e-01
-1.113541647791862488e-01,2.271845042705535889e-01,2.843465805053710938e-01
-8.780232071876525879e-02,1.519976258277893066e-01,4.179018437862396240e-01
-8.096125721931457520e-02,1.471798717975616455e-01,5.362694263458251953e-01
-3.427159786224365234e-02,2.153706103563308716e-01,4.953235089778900146e-01
-1.113771926611661911e-03,2.242001742124557495e-01,2.545870542526245117e-01
-5.156605504453182220e-03,1.537985354661941528e-01,2.324365675449371338e-01
5.808835476636886597e-02,1.318747252225875854e-01,2.455627173185348511e-01
9.045559912919998169e-02,6.459221988916397095e-02,2.237289398908615112e-01
1.008785143494606018e-01,-5.960907787084579468e-03,2.249970883131027222e-01
7.091458141803741455e-02,-4.508213698863983154e-02,2.718980908393859863e-01
6.596470624208450317e-02,-5.417901091277599335e-03,3.282572627067565918e-01
5.247079208493232727e-02,1.312004774808883667e-02,3.448092639446258545e-01
-2.328158356249332428e-02,1.540592592209577560e-02,3.002089262008666992e-01
-3.457426652312278748e-02,1.720180548727512360e-02,1.713149249553680420e-01
2.741595916450023651e-02,-3.999456763267517090e-02,5.765322968363761902e-02
9.208177775144577026e-02,-1.442642509937286377e-01,2.266674302518367767e-02
9.241923689842224121e-02,-2.093397527933120728e-01,-1.506533473730087280e-02
1.106255054473876953e-01,-2.203906178474426270e-01,-6.528303772211074829e-02
8.150146901607513428e-02,-1.800683140754699707e-01,-7.676095515489578247e-02
9.784570336341857910e-02,-1.543972492218017578e-01,-2.857319777831435204e-03
8.323604613542556763e-02,-1.190395429730415344e-01,4.863080009818077087e-02
9.663534909486770630e-02,-9.809894114732742310e-02,9.692348539829254150e-02
9.991753101348876953e-02,-7.983181625604629517e-02,8.704973757266998291e-02
6.627891957759857178e-02,-5.615149438381195068e-02,5.006154254078865051e-02
4.835021495819091797e-02,-7.358442991971969604e-02,1.184074431657791138e-01
-2.887822221964597702e-03,-5.888407304883003235e-02,7.394151389598846436e-02
-2.981386892497539520e-02,-3.652437403798103333e-02,-3.695330396294593811e-02
-1.033157631754875183e-01,-1.505498867481946945e-02,-7.442329823970794678e-02
-1.755029857158660889e-01,1.666838489472866058e-02,-1.159364879131317139e-01
-1.717753857374191284e-01,5.969792976975440979e-02,-1.538200527429580688e-01
-1.425005495548248291e-01,7.818183302879333496e-02,-1.569659709930419922e-01
1.542606204748153687e-01,3.127077221870422363e-01,3.640521168708801270e-01
-1.517945155501365662e-02,3.325993418693542480e-01,5.749435424804687500e-01
-6.238051131367683411e-02,-1.216744780540466309e-01,6.507105827331542969e-01
9.236481040716171265e-02,-1.660565882921218872e-01,6.751252412796020508e-01
1.017412096261978149e-01,-1.509625762701034546e-01,6.741276383399963379e-01
1.360467821359634399e-01,-9.299892932176589966e-02,6.701012849807739258e-01
8.763909339904785156e-02,-5.273003876209259033e-02,6.567401885986328125e-01
8.468861132860183716e-02,-3.668206930160522461e-02,6.410396099090576172e-01
8.280587941408157349e-02,-3.164634853601455688e-02,6.356578469276428223e-01
4.925583302974700928e-02,-2.865269035100936890e-02,6.299906373023986816e-01
8.391807973384857178e-02,-2.699839510023593903e-02,6.061584353446960449e-01
9.936726838350296021e-02,5.103019997477531433e-02,5.576041936874389648e-01
1.087777595967054367e-02,5.989567935466766357e-02,5.017621517181396484e-01
5.958179384469985962e-02,1.037964969873428345e-01,3.793903887271881104e-01
1.679532229900360107e-02,1.266632676124572754e-01,2.735767662525177002e-01
4.968751594424247742e-02,1.107105463743209839e-01,1.075971722602844238e-01
-8.642607368528842926e-03,3.412807360291481018e-02,-2.488633692264556885e-01
6.079249083995819092e-02,1.968832686543464661e-02,-4.584284126758575439e-01
1.046270690858364105e-02,-8.258265256881713867e-02,-5.443921089172363281e-01
3.456018865108489990e-02,-6.423738598823547363e-02,-6.369822621345520020e-01
8.062601834535598755e-02,6.235688342712819576e-04,-7.701473236083984375e-01
1.174523234367370605e-01,6.753046810626983643e-02,-8.034079074859619141e-01
1.311981827020645142e-01,8.754260838031768799e-02,-7.906178236007690430e-01
6.461697071790695190e-02,2.128773182630538940e-01,-8.154397010803222656e-01
1.299062073230743408e-01,7.826452702283859253e-02,-9.071180820465087891e-01
-6.271897554397583008e-01,-9.573461413383483887e-01,-9.859077334403991699e-01
-3.770905137062072754e-01,-9.116393923759460449e-01,-9.842227101325988770e-01
-2.998029589653015137e-01,-8.538522720336914062e-01,-9.881955385208129883e-01
-1.422514319419860840e-01,-6.606025695800781250e-01,-9.882619976997375488e-01
-5.046328306198120117e-01,-4.495943188667297363e-01,-9.866477847099304199e-01
-4.551630318164825439e-01,-4.029080867767333984e-01,-9.825910329818725586e-01
-3.986460268497467041e-01,-5.079639554023742676e-01,-9.829253554344177246e-01
-2.846816182136535645e-01,-5.235803723335266113e-01,-9.855703115463256836e-01
-2.195188850164413452e-01,-5.984231233596801758e-01,-9.886088967323303223e-01
-1.192160844802856445e-01,-6.375298500061035156e-01,-9.886232018470764160e-01
4.129087552428245544e-02,-6.760803461074829102e-01,-9.885910153388977051e-01
2.072132974863052368e-01,-7.371786832809448242e-01,-9.910028576850891113e-01
5.354062914848327637e-01,-7.065321207046508789e-01,-9.918000698089599609e-01
6.925892829895019531e-01,-7.529708147048950195e-01,-9.943602085113525391e-01
8.301880359649658203e-01,-8.419451117515563965e-01,-9.951039552688598633e-01
8.872767090797424316e-01,-8.944978713989257812e-01,-9.954198598861694336e-01
6.923893690109252930e-01,-5.261075869202613831e-02,-9.784348607063293457e-01
1.606871783733367920e-01,6.627172827720642090e-01,-9.447296261787414551e-01
-2.430539727210998535e-01,7.564985156059265137e-01,-9.544402956962585449e-01
-5.445140004158020020e-01,7.838507890701293945e-01,-8.545119762420654297e-01
-7.454637289047241211e-01,8.756734728813171387e-01,4.510542452335357666e-01
-3.220269978046417236e-01,8.758587241172790527e-01,8.905805349349975586e-01
-2.360363006591796875e-01,7.318466901779174805e-01,2.169634401798248291e-01
-3.612691462039947510e-01,4.351126849651336670e-01,9.507729858160018921e-02
-2.066907584667205811e-01,3.771524429321289062e-01,1.301491558551788330e-01
-1.571722477674484253e-01,2.757934927940368652e-01,2.355055510997772217e-01
-1.218897327780723572e-01,2.117169201374053955e-01,3.884932994842529297e-01
-1.004379913210868835e-01,1.605003476142883301e-01,4.929164648056030273e-01
-7.045583426952362061e-02,1.671399474143981934e-01,5.627580285072326660e-01
-9.160217829048633575e-03,2.003922015428543091e-01,4.454218149185180664e-01
-1.169675868004560471e-02,1.667177379131317139e-01,2.740935385227203369e-01
3.114783205091953278e-02,1.402894854545593262e-01,2.492947280406951904e-01
1.001897752285003662e-01,9.907603263854980469e-02,2.418107837438583374e-01
1.240553259849548340e-01,8.563543856143951416e-02,2.003351897001266479e-01
7.005965709686279297e-02,4.629822447896003723e-02,2.383466660976409912e-01
3.020776808261871338e-02,-9.341910481452941895e-05,2.825317978858947754e-01
1.935326866805553436e-02,1.170858740806579590e-05,3.116182982921600342e-01
4.891579970717430115e-03,8.275968022644519806e-03,2.942914366722106934e-01
1.569622009992599487e-02,1.067113596946001053e-02,2.041074782609939575e-01
1.740453881211578846e-03,-3.583954274654388428e-02,2.776266820728778839e-02
5.062863975763320923e-02,-1.113031432032585144e-01,-1.221965532749891281e-02
9.802746772766113281e-02,-1.705532073974609375e-01,-1.354951225221157074e-02
1.242435351014137268e-01,-2.076015025377273560e-01,-4.950686916708946228e-02
8.977130055427551270e-02,-1.487351506948471069e-01,-4.621563851833343506e-02
7.919190078973770142e-02,-9.929441660642623901e-02,3.202201426029205322e-02
5.968405306339263916e-02,-8.766989409923553467e-02,6.532757729291915894e-02
5.357269570231437683e-02,-9.108788520097732544e-02,5.819274112582206726e-02
7.956926524639129639e-02,-8.872681856155395508e-02,7.624927908182144165e-02
8.719526976346969604e-02,-8.533209562301635742e-02,1.024638637900352478e-01
6.354817003011703491e-02,-7.333902269601821899e-02,5.193619802594184875e-02
4.584740847349166870e-02,-7.897581905126571655e-02,8.979560434818267822e-02
-2.102743089199066162e-02,-4.558105766773223877e-02,2.715673670172691345e-02
-5.505850166082382202e-02,-4.494563490152359009e-02,-2.857753075659275055e-02
-1.158051341772079468e-01,-1.081434916704893112e-02,-7.205601036548614502e-02
-1.649914532899856567e-01,1.251372974365949631e-02,-1.384672671556472778e-01
-1.536070853471755981e-01,6.496974825859069824e-02,-1.592448502779006958e-01
-8.829722553491592407e-02,7.742468267679214478e-02,-1.474726051092147827e-01
1.154002696275711060e-01,2.833102047443389893e-01,1.614454537630081177e-01
1.276623364537954330e-02,3.162258565425872803e-01,3.265468776226043701e-01
-6.786920875310897827e-02,-1.295962333679199219e-01,4.718462228775024414e-01
7.096870243549346924e-02,-1.005127876996994019e-01,5.371532440185546875e-01
1.283085942268371582e-01,-6.287284195423126221e-02,5.574358105659484863e-01
1.126616671681404114e-01,-5.786734446883201599e-02,5.759790539741516113e-01
1.132601872086524963e-01,-4.949429258704185486e-02,6.026870012283325195e-01
9.069736301898956299e-02,-5.342295020818710327e-02,6.311102509498596191e-01
6.417792290449142456e-02,-5.839439854025840759e-02,6.317262053489685059e-01
5.885785073041915894e-02,-5.814730003476142883e-02,6.265338659286499023e-01
7.350113242864608765e-02,2.643219754099845886e-02,5.947883129119873047e-01
2.944597043097019196e-02,4.867976531386375427e-02,5.387204289436340332e-01
2.672350220382213593e-02,9.254629164934158325e-02,4.199822545051574707e-01
3.540467470884323120e-02,1.279133260250091553e-01,2.924409806728363037e-01
6.065427511930465698e-02,9.930717200040817261e-02,1.316566765308380127e-01
4.417726397514343262e-02,4.326448589563369751e-02,-2.030877172946929932e-01
3.585914894938468933e-02,1.878830231726169586e-02,-4.605099260807037354e-01
2.090310491621494293e-02,-1.090770289301872253e-01,-4.753986597061157227e-01
9.008267894387245178e-03,-3.673116117715835571e-02,-5.672706365585327148e-01
1.148559749126434326e-01,6.630264222621917725e-02,-6.870835423469543457e-01
1.134630218148231506e-01,6.495235860347747803e-02,-7.087903022766113281e-01
1.388261467218399048e-01,1.321350634098052979e-01,-7.180091142654418945e-01
1.634722352027893066e-01,-1.191134899854660034e-01,-9.038248062133789062e-01
-3.399437963962554932e-01,-9.200831651687622070e-01,-9.874384403228759766e-01
8.072295039892196655e-02,-9.106127023696899414e-01,-9.884253144264221191e-01
7.477025035768747330e-03,-7.820349931716918945e-01,-9.925450682640075684e-01
-4.474557638168334961e-01,-6.593928337097167969e-01,-9.937318563461303711e-01
-4.470045864582061768e-01,-1.399963349103927612e-01,-9.924380779266357422e-01
-6.055233478546142578e-01,-4.477333649992942810e-02,-9.912176728248596191e-01
-5.879597663879394531e-01,-1.343240961432456970e-02,-9.872136116027832031e-01
-4.902789592742919922e-01,-9.678293764591217041e-02,-9.894731044769287109e-01
-4.506864249706268311e-01,-3.261249065399169922e-01,-9.906666874885559082e-01
-3.603298366069793701e-01,-4.860402941703796387e-01,-9.926251173019409180e-01
-2.236688584089279175e-01,-6.321619749069213867e-01,-9.918555021286010742e-01
8.412281423807144165e-02,-6.698443889617919922e-01,-9.917299747467041016e-01
4.278898239135742188e-01,-7.806949019432067871e-01,-9.929202795028686523e-01
6.351111531257629395e-01,-7.773504257202148438e-01,-9.945363402366638184e-01
7.617233991622924805e-01,-7.949607372283935547e-01,-9.960042834281921387e-01
8.850362300872802734e-01,-8.834230899810791016e-01,-9.967011809349060059e-01
9.074954986572265625e-01,-9.178028106689453125e-01,-9.970316290855407715e-01
7.287025451660156250e-01,-7.386225461959838867e-01,-9.942089319229125977e-01
1.162346601486206055e-01,4.158276915550231934e-01,-9.778949618339538574e-01
-2.509004771709442139e-01,6.536149978637695312e-01,-9.795383214950561523e-01
-5.325085520744323730e-01,7.032239437103271484e-01,-9.416697025299072266e-01
-6.994308233261108398e-01,8.956986069679260254e-01,7.702199220657348633e-01
-4.280940592288970947e-01,9.115263223648071289e-01,8.217750787734985352e-01
-3.631234765052795410e-01,8.232005834579467773e-01,2.480041533708572388e-01
-3.330026268959045410e-01,6.898556947708129883e-01,2.612713575363159180e-01
-2.355754673480987549e-01,5.917725563049316406e-01,3.130725622177124023e-01
-1.586738675832748413e-01,4.214093387126922607e-01,3.533641397953033447e-01
-1.746881753206253052e-01,2.926047444343566895e-01,4.323900938034057617e-01
-1.059584990143775940e-01,2.442995905876159668e-01,4.895247220993041992e-01
-2.151861786842346191e-02,2.281864881515502930e-01,4.615165293216705322e-01
5.429582297801971436e-02,2.444722354412078857e-01,2.368470877408981323e-01
4.563895985484123230e-02,2.700069844722747803e-01,1.879053115844726562e-01
3.812377899885177612e-02,1.334912925958633423e-01,1.861959695816040039e-01
8.105106651782989502e-02,-7.344858720898628235e-03,2.051099687814712524e-01
7.677713036537170410e-02,-8.980175107717514038e-02,2.383696138858795166e-01
6.972474604845046997e-02,-9.981775283813476562e-02,2.635910212993621826e-01
9.724875539541244507e-02,-9.351076930761337280e-02,3.154560029506683350e-01
7.821248471736907959e-02,-7.355879247188568115e-02,3.216535449028015137e-01
1.354973576962947845e-02,-5.135432630777359009e-02,2.889044880867004395e-01
5.810284987092018127e-03,-2.106748893857002258e-02,2.431019395589828491e-01
1.178509555757045746e-02,-3.128729760646820068e-02,1.927845180034637451e-01
5.215866491198539734e-02,-1.097164750099182129e-01,9.824428707361221313e-02
9.909713268280029297e-02,-2.081311941146850586e-01,2.762577123939990997e-02
1.081132963299751282e-01,-2.640755474567413330e-01,8.299457840621471405e-03
1.272115856409072876e-01,-2.215564250946044922e-01,-4.697900265455245972e-02
1.052782908082008362e-01,-1.419607847929000854e-01,-5.882707983255386353e-02
8.645207434892654419e-02,-1.123136430978775024e-01,-3.794903308153152466e-02
7.252535969018936157e-02,-1.078465804457664490e-01,-4.195240885019302368e-02
7.699082791805267334e-02,-9.402792900800704956e-02,4.857056215405464172e-02
4.557769745588302612e-02,-1.000984236598014832e-01,9.078690409660339355e-02
1.691595837473869324e-02,-9.036688506603240967e-02,1.147417128086090088e-01
-9.456367231905460358e-03,-8.455219119787216187e-02,1.361891031265258789e-01
-6.280495971441268921e-02,-4.703060537576675415e-02,1.378849446773529053e-01
-9.746108949184417725e-02,7.084768731147050858e-03,7.611947506666183472e-02
-1.306211650371551514e-01,9.841136634349822998e-02,4.329970479011535645e-02
-1.421505212783813477e-01,1.302182227373123169e-01,-3.661729022860527039e-02
-1.014293208718299866e-01,1.229968592524528503e-01,-1.796923130750656128e-01
1.525304466485977173e-01,1.068449020385742188e-01,5.940396711230278015e-02
2.475859075784683228e-01,2.593638598918914795e-01,3.326867222785949707e-01
-1.659822091460227966e-02,3.860957175493240356e-02,4.704542756080627441e-01
2.828598767518997192e-02,-8.636866509914398193e-02,5.543467998504638672e-01
9.122234582901000977e-02,-3.629067540168762207e-02,5.764321088790893555e-01
7.153644412755966187e-02,-1.532635744661092758e-02,5.792230963706970215e-01
6.447844952344894409e-02,1.552163274027407169e-03,5.657646656036376953e-01
5.676700174808502197e-02,1.315385196357965469e-02,5.414468646049499512e-01
4.247254505753517151e-02,2.785450778901576996e-02,5.260167121887207031e-01
7.226542383432388306e-02,5.862512439489364624e-02,4.839642345905303955e-01
4.935753718018531799e-02,3.423258662223815918e-02,4.371561706066131592e-01
4.531423747539520264e-02,4.162908345460891724e-02,3.635976910591125488e-01
1.568895019590854645e-02,6.806453317403793335e-02,1.265568435192108154e-01
1.061559095978736877e-02,1.057245805859565735e-01,-1.598843187093734741e-01
1.695400476455688477e-02,2.156215533614158630e-02,-4.611614942550659180e-01
2.292712591588497162e-02,2.449386008083820343e-02,-6.693772077560424805e-01
2.786196768283843994e-02,-1.029665693640708923e-01,-7.124712467193603516e-01
8.878745883703231812e-02,-1.384174823760986328e-01,-8.201087713241577148e-01
1.774732023477554321e-01,-1.005345731973648071e-01,-9.122921228408813477e-01
2.097540944814682007e-01,-1.086169704794883728e-01,-9.650455117225646973e-01
1.207781676203012466e-02,-7.196448743343353271e-02,-9.753332734107971191e-01
1.180646792054176331e-01,-2.764115631580352783e-01,-9.804459810256958008e-01
1.238761097192764282e-01,-3.780205547809600830e-01,-9.805142879486083984e-01
-2.108630388975143433e-01,-6.877409219741821289e-01,-9.772112369537353516e-01
-9.195257425308227539e-01,-9.389047026634216309e-01,-9.945003986358642578e-01
-5.195804834365844727e-01,-6.429581046104431152e-01,-9.818271398544311523e-01
-4.847041666507720947e-01,-1.570953726768493652e-01,-9.757450819015502930e-01
1.563948094844818115e-01,-2.344772815704345703e-01,-9.732447862625122070e-01
7.307906169444322586e-03,-6.206702589988708496e-01,-9.723372459411621094e-01
-2.586147785186767578e-01,-5.662962198257446289e-01,-9.738489389419555664e-01
-2.696912884712219238e-01,-4.015354216098785400e-01,-9.628744721412658691e-01
-2.417836785316467285e-01,-3.753235340118408203e-01,-9.514639377593994141e-01
-1.971981078386306763e-01,-3.495332896709442139e-01,-9.394649863243103027e-01
-1.310420632362365723e-01,-4.087477922439575195e-01,-9.056481122970581055e-01
-3.534140810370445251e-02,-4.471496045589447021e-01,-9.278122186660766602e-01
2.038914263248443604e-01,-5.722740888595581055e-01,-9.523955583572387695e-01
3.990843296051025391e-01,-6.763355731964111328e-01,-9.679315090179443359e-01
5.578793287277221680e-01,-7.152861952781677246e-01,-9.676501154899597168e-01
4.263320863246917725e-01,-5.091206431388854980e-01,-8.527870178222656250e-01
3.413297235965728760e-01,4.217003285884857178e-01,-7.404434084892272949e-01
1.023699194192886353e-01,6.269013881683349609e-01,-7.104785442352294922e-01
-2.133197784423828125e-01,7.444685101509094238e-01,-4.361621141433715820e-01
-4.558386206626892090e-01,7.932014465332031250e-01,2.261482179164886475e-01
6.085052620619535446e-03,6.235642433166503906e-01,8.592607975006103516e-01
3.309868872165679932e-01,3.949714601039886475e-01,2.179894447326660156e-01
-1.908574998378753662e-01,-2.200457155704498291e-01,1.890863105654716492e-02
-1.750968992710113525e-01,-6.472206115722656250e-02,2.511194944381713867e-01
-1.617718786001205444e-01,3.385542705655097961e-02,4.418063461780548096e-01
-7.778193056583404541e-02,3.307765722274780273e-02,5.864639878273010254e-01
-2.775166369974613190e-02,1.438605487346649170e-01,6.672277450561523438e-01
-1.531434990465641022e-02,1.671469509601593018e-01,6.388778686523437500e-01
5.061106290668249130e-03,2.151137441396713257e-01,5.045320987701416016e-01
-1.802710699848830700e-03,3.031271994113922119e-01,3.375051021575927734e-01
3.265673667192459106e-02,2.632591724395751953e-01,2.468359619379043579e-01
6.954278051853179932e-02,1.400541812181472778e-01,2.456057816743850708e-01
6.118510290980339050e-02,1.838111281394958496e-01,3.144803345203399658e-01
1.634438894689083099e-02,2.563532590866088867e-01,2.797243893146514893e-01
-4.830659925937652588e-02,1.625712811946868896e-01,1.927388906478881836e-01
-7.310079783201217651e-02,9.944105893373489380e-02,1.471753567457199097e-01
-3.997763246297836304e-02,7.232160121202468872e-02,1.384499073028564453e-01
-6.374878436326980591e-02,4.665607959032058716e-02,8.349775522947311401e-02
-8.235851675271987915e-02,1.152046024799346924e-04,-4.656794667243957520e-02
-4.218763858079910278e-02,-7.771161198616027832e-02,-6.663251668214797974e-02
1.204302608966827393e-01,-1.761787235736846924e-01,-7.323483377695083618e-02
1.924344152212142944e-01,-2.678497135639190674e-01,-6.232508923858404160e-03
1.679557412862777710e-01,-2.457440048456192017e-01,5.341522395610809326e-02
1.108717620372772217e-01,-2.234435081481933594e-01,7.077852636575698853e-02
7.731670886278152466e-02,-1.866755634546279907e-01,5.457088723778724670e-02
7.932172715663909912e-02,-1.491144150495529175e-01,5.551489815115928650e-02
5.986221134662628174e-02,-1.363564580678939819e-01,-4.232954233884811401e-02
4.408748075366020203e-02,-1.091053411364555359e-01,-3.208584710955619812e-02
-3.683098405599594116e-02,-6.161458417773246765e-02,-1.770257763564586639e-02
-6.057615205645561218e-02,-6.239722669124603271e-02,-4.245463758707046509e-02
-5.063997954130172729e-02,-5.468931794166564941e-02,-2.077745273709297180e-02
-5.640221759676933289e-02,-3.425883501768112183e-02,2.352587319910526276e-02
-5.985692888498306274e-02,-2.911410853266716003e-02,1.287702098488807678e-02
-7.464887946844100952e-02,-3.333350270986557007e-02,-1.723542064428329468e-02
-5.074908956885337830e-02,-3.399575501680374146e-02,-6.541286408901214600e-02
-2.232950925827026367e-01,3.191589415073394775e-01,2.109740376472473145e-01
-2.905280590057373047e-01,4.965156912803649902e-01,3.706757128238677979e-01
-1.485323309898376465e-01,2.156038433313369751e-01,4.820667505264282227e-01
9.798689931631088257e-02,-4.775871336460113525e-02,6.110959053039550781e-01
2.157259434461593628e-01,-1.400205492973327637e-01,7.023236155509948730e-01
2.079730480909347534e-01,-1.309846937656402588e-01,7.478096485137939453e-01
2.048448175191879272e-01,-1.412358880043029785e-01,7.794713973999023438e-01
1.385140120983123779e-01,-7.470204681158065796e-02,7.913327813148498535e-01
6.291266530752182007e-02,-1.864136941730976105e-02,7.843871116638183594e-01
6.699118763208389282e-02,-1.606794074177742004e-02,7.765559554100036621e-01
7.263133674860000610e-02,-4.456434771418571472e-02,7.637087106704711914e-01
7.049109041690826416e-02,-3.354120627045631409e-02,7.365871071815490723e-01
2.614807896316051483e-02,-2.201067470014095306e-02,7.006534337997436523e-01
1.073334217071533203e-01,8.909579366445541382e-02,6.463912129402160645e-01
6.193492189049720764e-02,1.241363137960433960e-01,5.500684976577758789e-01
7.059659063816070557e-02,1.542800217866897583e-01,4.009218215942382812e-01
2.604503370821475983e-02,1.475147455930709839e-01,3.271668553352355957e-01
-4.105991125106811523e-02,8.390243351459503174e-02,2.491086721420288086e-01
-1.759596355259418488e-02,2.143954485654830933e-02,8.325655013322830200e-02
-3.200169652700424194e-02,5.720341205596923828e-02,-2.100297063589096069e-01
-4.889890179038047791e-02,3.226049244403839111e-02,-3.993965685367584229e-01
3.116673789918422699e-02,4.305790737271308899e-02,-6.757822036743164062e-01
1.009386703372001648e-01,-3.700632452964782715e-01,-8.219715356826782227e-01
3.976993858814239502e-01,-2.597915530204772949e-01,-8.917146921157836914e-01
1.792794764041900635e-01,-3.063535690307617188e-01,-9.350131154060363770e-01
-1.688360422849655151e-01,-3.817541897296905518e-01,-9.455512762069702148e-01
-5.458523035049438477e-01,-2.341995984315872192e-01,-9.544196128845214844e-01
-2.446971237659454346e-01,-2.323993891477584839e-01,-9.741377830505371094e-01
-3.704793155193328857e-01,-4.688782095909118652e-01,-9.750745296478271484e-01
-5.324068665504455566e-01,-2.139746025204658508e-02,-9.733170866966247559e-01
-2.175296843051910400e-01,5.268911272287368774e-02,-9.695798754692077637e-01
-4.758924543857574463e-01,-5.122708082199096680e-01,-9.762102365493774414e-01
-2.988600134849548340e-01,-5.926644802093505859e-01,-9.787086844444274902e-01
-2.383940964937210083e-01,-6.766560077667236328e-01,-9.826590418815612793e-01
-1.731655299663543701e-01,-6.898179054260253906e-01,-9.833755493164062500e-01
-3.625948354601860046e-02,-6.807184815406799316e-01,-9.854365587234497070e-01
9.251049906015396118e-02,-7.263218164443969727e-01,-9.871872663497924805e-01
3.741738200187683105e-01,-7.092132568359375000e-01,-9.864752292633056641e-01
6.557223796844482422e-01,-7.665141820907592773e-01,-9.899926781654357910e-01
7.672975063323974609e-01,-8.386838436126708984e-01,-9.912949800491333008e-01
8.443784713745117188e-01,-8.911668658256530762e-01,-9.908944368362426758e-01
7.027249932289123535e-01,-3.154767453670501709e-01,-9.667225480079650879e-01
3.106168806552886963e-01,5.771397352218627930e-01,-8.744887113571166992e-01
-8.233386278152465820e-02,7.188100814819335938e-01,-9.106695652008056641e-01
-4.673079252243041992e-01,7.998163104057312012e-01,-5.991858839988708496e-01
-7.280288934707641602e-01,8.528745174407958984e-01,2.835741341114044189e-01
-1.906368881464004517e-01,8.437157869338989258e-01,8.789598941802978516e-01
-2.241180241107940674e-01,6.474761962890625000e-01,2.117618322372436523e-01
-3.721257150173187256e-01,4.204729497432708740e-01,-2.573514357209205627e-03
-2.094045728445053101e-01,3.587892055511474609e-01,4.565627127885818481e-02
-1.554318368434906006e-01,2.725610435009002686e-01,1.067893803119659424e-01
-8.593415468931198120e-02,1.811131387948989868e-01,2.661755383014678955e-01
-8.729184418916702271e-02,1.588880419731140137e-01,3.916334807872772217e-01
-9.971603006124496460e-02,1.660226136445999146e-01,4.998404681682586670e-01
-6.109181419014930725e-02,1.686237454414367676e-01,5.506799221038818359e-01
2.676941081881523132e-02,2.058819383382797241e-01,4.226413965225219727e-01
2.122213132679462433e-02,1.819438338279724121e-01,3.076860904693603516e-01
5.550916492938995361e-02,1.226233020424842834e-01,2.322818934917449951e-01
1.237746775150299072e-01,1.095781028270721436e-01,2.194824367761611938e-01
8.095092326402664185e-02,6.730423122644424438e-02,2.625246345996856689e-01
7.148144301027059555e-03,3.814446181058883667e-02,2.720597982406616211e-01
9.772181510925292969e-05,3.297083824872970581e-02,2.693721055984497070e-01
-2.953562699258327484e-02,5.991638451814651489e-02,3.022495806217193604e-01
-3.214879706501960754e-02,3.604981303215026855e-02,2.596187293529510498e-01
-1.600850000977516174e-02,7.151513127610087395e-04,1.566825360059738159e-01
2.636259794235229492e-02,-6.092463433742523193e-02,2.232005074620246887e-02
7.367852330207824707e-02,-1.529898196458816528e-01,-2.887227199971675873e-02
1.083757430315017700e-01,-2.036166489124298096e-01,-2.873553335666656494e-02
1.389804482460021973e-01,-2.212634235620498657e-01,-5.924490839242935181e-02
8.578000217676162720e-02,-1.393917798995971680e-01,5.599530413746833801e-02
7.418256253004074097e-02,-1.206547245383262634e-01,8.173916488885879517e-02
7.606959342956542969e-02,-1.139283627271652222e-01,7.028967887163162231e-02
9.965258091688156128e-02,-8.101658523082733154e-02,9.993112087249755859e-02
1.016551628708839417e-01,-7.504814118146896362e-02,9.928460419178009033e-02
7.770326733589172363e-02,-9.267204254865646362e-02,1.820947043597698212e-02
5.487342551350593567e-02,-9.247519820928573608e-02,-2.288251928985118866e-02
-6.541814655065536499e-03,-8.268021792173385620e-02,-4.674714431166648865e-02
-3.006359748542308807e-02,-4.840004816651344299e-02,-3.862770646810531616e-02
-8.116053789854049683e-02,1.762522384524345398e-03,-6.235807016491889954e-02
-1.025438085198402405e-01,1.067620515823364258e-02,-1.101230084896087646e-01
-1.428875327110290527e-01,4.022181034088134766e-02,-1.187689304351806641e-01
-1.515372097492218018e-01,7.653652131557464600e-02,-1.266914010047912598e-01
-3.567918017506599426e-02,2.820315062999725342e-01,1.214301139116287231e-01
-6.357847154140472412e-02,4.001878201961517334e-01,3.548044264316558838e-01
-1.671675890684127808e-01,-3.716491535305976868e-02,4.462131559848785400e-01
8.717237412929534912e-02,-1.355112344026565552e-01,5.135263204574584961e-01
1.590594798326492310e-01,-1.139073595404624939e-01,5.206944942474365234e-01
1.810640394687652588e-01,-8.893115818500518799e-02,5.314785242080688477e-01
1.637678295373916626e-01,-8.991821110248565674e-02,5.798357725143432617e-01
9.878953546285629272e-02,-9.057120978832244873e-02,6.211822032928466797e-01
9.313739091157913208e-02,-8.325770497322082520e-02,6.481606960296630859e-01
7.240039110183715820e-02,-8.142333477735519409e-02,6.526587009429931641e-01
6.895729899406433105e-02,-7.077790796756744385e-02,6.508868932723999023e-01
9.135938435792922974e-02,1.100968010723590851e-02,6.313830018043518066e-01
6.412679702043533325e-02,5.218789353966712952e-02,6.133829355239868164e-01
1.526804827153682709e-02,9.494559466838836670e-02,5.529742240905761719e-01
4.834501072764396667e-02,1.616102159023284912e-01,4.511281549930572510e-01
3.060448728501796722e-02,1.470509320497512817e-01,3.336727023124694824e-01
2.736365050077438354e-02,1.120660230517387390e-01,1.823814958333969116e-01
3.848769515752792358e-02,7.841946929693222046e-02,-2.196623682975769043e-01
4.205127712339162827e-03,-2.542743273079395294e-02,-3.484821319580078125e-01
-6.544336676597595215e-02,-8.904723078012466431e-02,-4.117021560668945312e-01
2.687648683786392212e-02,-4.290710389614105225e-02,-5.041601657867431641e-01
4.073455184698104858e-02,3.704880177974700928e-02,-6.260076761245727539e-01
9.578759223222732544e-02,1.094149947166442871e-01,-6.651687026023864746e-01
2.282402366399765015e-01,5.497667565941810608e-02,-8.168120384216308594e-01
-1.184262186288833618e-01,-8.747286796569824219e-01,-9.880909919738769531e-01
1.677708476781845093e-01,-8.187079429626464844e-01,-9.882166385650634766e-01
-6.857532262802124023e-02,-8.323323130607604980e-01,-9.920734167098999023e-01
-3.196105957031250000e-01,-4.760999977588653564e-01,-9.929553270339965820e-01
-2.642591893672943115e-01,-3.727888464927673340e-01,-9.942922592163085938e-01
-4.432915151119232178e-01,1.068046912550926208e-01,-9.921911954879760742e-01
-5.491592884063720703e-01,-8.122546714730560780e-04,-9.931130409240722656e-01
-6.046139001846313477e-01,-2.719056792557239532e-02,-9.895017147064208984e-01
-4.946380257606506348e-01,-9.520506858825683594e-02,-9.914076328277587891e-01
-4.814355969429016113e-01,-3.980716466903686523e-01,-9.927404522895812988e-01
-3.101769983768463135e-01,-5.506004095077514648e-01,-9.933233261108398438e-01
-1.182510852813720703e-01,-6.627378463745117188e-01,-9.920183420181274414e-01
2.623064815998077393e-01,-7.312331199645996094e-01,-9.916924834251403809e-01
4.623544514179229736e-01,-7.776255011558532715e-01,-9.928939342498779297e-01
6.435753703117370605e-01,-8.089308142662048340e-01,-9.951446652412414551e-01
8.307260274887084961e-01,-8.530388474464416504e-01,-9.963854551315307617e-01
9.102646112442016602e-01,-8.978307843208312988e-01,-9.964503049850463867e-01
8.754782080650329590e-01,-9.274541139602661133e-01,-9.973182082176208496e-01
3.159777224063873291e-01,-6.000311374664306641e-01,-9.903251528739929199e-01
4.623217508196830750e-02,4.076728820800781250e-01,-9.893974661827087402e-01
-2.709609270095825195e-01,6.947606801986694336e-01,-9.868044853210449219e-01
-5.633269548416137695e-01,9.048362970352172852e-01,5.718550682067871094e-01
-3.881168365478515625e-01,9.464237689971923828e-01,9.922959208488464355e-01
-5.374732017517089844e-01,9.083150625228881836e-01,5.067340135574340820e-01
-5.847010612487792969e-01,7.938041687011718750e-01,2.326944470405578613e-01
-3.774383366107940674e-01,7.618981003761291504e-01,2.683406174182891846e-01
-1.867753416299819946e-01,6.537761688232421875e-01,3.407027423381805420e-01
-1.193582713603973389e-01,4.684273302555084229e-01,3.930213749408721924e-01
-1.428190171718597412e-01,3.228111267089843750e-01,4.336040914058685303e-01
-9.255517274141311646e-02,2.799791693687438965e-01,4.461549520492553711e-01
1.581910811364650726e-02,2.808780372142791748e-01,3.918462097644805908e-01
2.564026042819023132e-02,2.221400439739227295e-01,2.587254047393798828e-01
1.188751906156539917e-01,2.181031852960586548e-01,2.065707445144653320e-01
1.042075455188751221e-01,8.097129315137863159e-02,2.461081743240356445e-01
7.309276610612869263e-02,-2.041707374155521393e-02,2.823913097381591797e-01
7.417566329240798950e-02,-6.656579673290252686e-02,3.035520911216735840e-01
6.217047944664955139e-02,-9.505581110715866089e-02,2.679731845855712891e-01
7.491086423397064209e-02,-1.074746996164321899e-01,2.624623775482177734e-01
4.918095842003822327e-02,-7.851286232471466064e-02,2.602484226226806641e-01
2.651892043650150299e-02,-3.307984396815299988e-02,2.568464279174804688e-01
-2.652416191995143890e-02,1.628933940082788467e-03,2.358924597501754761e-01
-3.848229348659515381e-02,2.337768860161304474e-02,2.322079092264175415e-01
-2.907658927142620087e-02,-1.520801056176424026e-02,1.848975718021392822e-01
2.792947553098201752e-02,-1.356597989797592163e-01,1.645561307668685913e-01
3.984425589442253113e-02,-2.096554785966873169e-01,1.168067082762718201e-01
8.207219094038009644e-02,-2.454394847154617310e-01,4.114080592989921570e-02
6.981939077377319336e-02,-2.392103224992752075e-01,-1.391526684165000916e-02
3.969323262572288513e-02,-2.106823921203613281e-01,-1.053216867148876190e-02
6.252113729715347290e-02,-2.209648936986923218e-01,2.668971568346023560e-02
4.744829609990119934e-02,-1.918973028659820557e-01,1.224994882941246033e-01
4.163845628499984741e-02,-1.488197594881057739e-01,1.668926328420639038e-01
-1.324504613876342773e-02,-3.555911034345626831e-02,2.034950554370880127e-01
-1.715812087059020996e-02,-1.730565726757049561e-02,1.584608554840087891e-01
-9.262965619564056396e-02,2.232928387820720673e-02,8.215533941984176636e-02
-1.256460547447204590e-01,9.471084922552108765e-02,3.004254586994647980e-02
-3.879298269748687744e-02,9.669052809476852417e-02,-5.450162291526794434e-02
3.288177847862243652e-01,6.375181674957275391e-02,3.416614532470703125e-01
4.482736885547637939e-01,2.475692331790924072e-01,5.316165685653686523e-01
1.161416769027709961e-01,1.950567811727523804e-01,6.313402056694030762e-01
-2.164562232792377472e-02,-2.113061957061290741e-02,6.446004509925842285e-01
8.715869486331939697e-02,-5.195442959666252136e-02,6.603393554687500000e-01
8.234240859746932983e-02,-1.312128361314535141e-02,6.311894655227661133e-01
8.693886548280715942e-02,1.433297060430049896e-03,5.640516877174377441e-01
5.284979194402694702e-02,-4.068999737501144409e-02,4.782779216766357422e-01
6.367814540863037109e-02,-7.285123225301504135e-03,3.439544737339019775e-01
8.745504170656204224e-02,5.366272106766700745e-02,1.900067180395126343e-01
6.028804928064346313e-02,1.017309799790382385e-01,-2.283479785546660423e-03
1.550842169672250748e-02,1.327626854181289673e-01,-2.554595768451690674e-01
4.804113879799842834e-02,1.350453346967697144e-01,-5.004975795745849609e-01
1.964131742715835571e-02,5.979015678167343140e-02,-6.500087976455688477e-01
-4.430915042757987976e-02,-1.532534658908843994e-01,-7.899522781372070312e-01
-1.013259068131446838e-01,-3.329932689666748047e-01,-8.990775942802429199e-01
-2.210796251893043518e-02,-4.136799871921539307e-01,-9.576309323310852051e-01
9.778157807886600494e-03,-5.248942375183105469e-01,-9.900009632110595703e-01
-8.241701126098632812e-02,-6.516361236572265625e-01,-9.948814511299133301e-01
4.713711142539978027e-02,-6.957862377166748047e-01,-9.953757524490356445e-01
2.363316267728805542e-01,-6.647792458534240723e-01,-9.929105639457702637e-01
1.691711097955703735e-01,-8.344353437423706055e-01,-9.934569597244262695e-01
3.534205257892608643e-01,-9.368197917938232422e-01,-9.946449995040893555e-01
4.627128541469573975e-01,-9.451340436935424805e-01,-9.966713786125183105e-01
-2.938166260719299316e-01,-4.232293665409088135e-01,-9.980289936065673828e-01
-2.845812141895294189e-01,1.657292544841766357e-01,-9.957235455513000488e-01
-5.941567420959472656e-01,-1.357937604188919067e-01,-9.973664879798889160e-01
-3.272581100463867188e-01,-1.508261710405349731e-01,-9.949030280113220215e-01
9.118315577507019043e-02,-3.998494446277618408e-01,-9.955678582191467285e-01
2.738314568996429443e-01,-7.292665839195251465e-01,-9.969678521156311035e-01
6.589914560317993164e-01,-8.871275782585144043e-01,-9.978212118148803711e-01
4.042143523693084717e-01,-8.949859738349914551e-01,-9.964705109596252441e-01
1.611432991921901703e-02,-4.800693094730377197e-01,-9.941501021385192871e-01
-2.455221861600875854e-01,3.969079852104187012e-01,-9.818277359008789062e-01
-4.141232073307037354e-01,9.334442615509033203e-01,3.202034905552864075e-02
-2.446848899126052856e-01,9.889128208160400391e-01,9.856232404708862305e-01
-2.117087095975875854e-01,9.818378686904907227e-01,7.841494083404541016e-01
-6.630287319421768188e-02,9.710130691528320312e-01,5.632398128509521484e-01
-3.283926248550415039e-01,9.670949578285217285e-01,3.514754772186279297e-01
-3.181767761707305908e-01,9.483587741851806641e-01,2.793286144733428955e-01
-2.916507124900817871e-01,9.183237552642822266e-01,2.626739144325256348e-01
-2.561105787754058838e-01,8.531475663185119629e-01,1.646924316883087158e-01
-2.685700356960296631e-01,7.639069557189941406e-01,1.554003953933715820e-01
-1.564714908599853516e-01,5.865397453308105469e-01,9.124696254730224609e-02
-7.610235363245010376e-02,3.873394131660461426e-01,9.817118197679519653e-02
-9.012644737958908081e-02,1.775810271501541138e-01,1.446167677640914917e-01
-8.836296200752258301e-02,5.587936192750930786e-02,1.626559793949127197e-01
-6.491662561893463135e-02,-2.851548232138156891e-02,1.786610782146453857e-01
-5.581701919436454773e-02,-8.702773600816726685e-02,2.240462750196456909e-01
4.804015904664993286e-02,-1.523712575435638428e-01,2.783089578151702881e-01
5.844704061746597290e-02,-1.645277887582778931e-01,3.257105946540832520e-01
6.635321676731109619e-02,-1.562383174896240234e-01,3.539118766784667969e-01
8.109729737043380737e-02,-7.236927747726440430e-02,3.681810200214385986e-01
7.098910212516784668e-02,-3.456699103116989136e-02,3.816341459751129150e-01
1.009293720126152039e-01,-9.142900258302688599e-02,3.700380921363830566e-01
1.319259703159332275e-01,-1.817883253097534180e-01,3.769344687461853027e-01
1.461382657289505005e-01,-2.089554816484451294e-01,3.777975142002105713e-01
1.306592822074890137e-01,-2.078532278537750244e-01,3.637381196022033691e-01
8.001511543989181519e-02,-2.138559073209762573e-01,3.097831606864929199e-01
-2.117734402418136597e-02,-2.323955893516540527e-01,2.168145626783370972e-01
4.483206570148468018e-02,-2.667288184165954590e-01,1.666601449251174927e-01
4.981103911995887756e-02,-2.893419563770294189e-01,1.209696754813194275e-01
4.732180014252662659e-02,-2.623226940631866455e-01,1.114305406808853149e-01
1.111470535397529602e-01,-1.920974552631378174e-01,8.456983417272567749e-02
1.071388795971870422e-01,-1.579551398754119873e-01,9.317594766616821289e-02
6.412667781114578247e-02,-1.206992194056510925e-01,8.429317176342010498e-02
-5.091950763016939163e-03,-4.023557156324386597e-02,5.240808054804801941e-02
-4.435986280441284180e-02,4.028908535838127136e-02,1.546679809689521790e-02
-4.946932196617126465e-02,8.969693630933761597e-02,4.278371110558509827e-02
-1.156612932682037354e-01,1.241223067045211792e-01,3.661312535405158997e-02
-1.328622102737426758e-01,9.364039450883865356e-02,-3.689354285597801208e-02
-4.483487457036972046e-02,1.020565256476402283e-01,-1.020477488636970520e-01
6.013932824134826660e-02,8.471116423606872559e-02,-1.704563647508621216e-01
4.746230542659759521e-01,3.593112230300903320e-01,3.506303429603576660e-01
3.003197908401489258e-01,4.154424965381622314e-01,3.919657170772552490e-01
-1.161651238799095154e-01,2.319819629192352295e-01,5.158507227897644043e-01
-1.199982762336730957e-01,2.855150587856769562e-02,5.427820682525634766e-01
1.209173258394002914e-02,1.890958473086357117e-02,4.621464014053344727e-01
8.179470896720886230e-02,2.642792277038097382e-02,3.441607654094696045e-01
